,lags,params,mean_squared_error,max_depth,n_estimators
21,[1 2],"{'max_depth': 5, 'n_estimators': 100}",0.009445980615982749,5,100
253,[ 1  2  3  4  5  6  7  8  9 10 11 12 13 14 15 16],"{'max_depth': 15, 'n_estimators': 100}",0.009490810000000002,15,100
249,[ 1  2  3  4  5  6  7  8  9 10 11 12 13 14 15 16],"{'max_depth': 10, 'n_estimators': 100}",0.009490810000000002,10,100
79,[1 2 3 4 5],"{'max_depth': 15, 'n_estimators': 200}",0.009505866702898547,15,200
75,[1 2 3 4 5],"{'max_depth': 10, 'n_estimators': 200}",0.009505866702898547,10,200
254,[ 1  2  3  4  5  6  7  8  9 10 11 12 13 14 15 16],"{'max_depth': 15, 'n_estimators': 150}",0.009524226086956519,15,150
250,[ 1  2  3  4  5  6  7  8  9 10 11 12 13 14 15 16],"{'max_depth': 10, 'n_estimators': 150}",0.009524226086956519,10,150
29,[1 2],"{'max_depth': 15, 'n_estimators': 100}",0.009525454057971018,15,100
25,[1 2],"{'max_depth': 10, 'n_estimators': 100}",0.009525454057971018,10,100
71,[1 2 3 4 5],"{'max_depth': 5, 'n_estimators': 200}",0.009543563449043538,5,200
150,[ 1  2  3  4  5  6  7  8  9 10],"{'max_depth': 5, 'n_estimators': 150}",0.009546056839181617,5,150
155,[ 1  2  3  4  5  6  7  8  9 10],"{'max_depth': 10, 'n_estimators': 200}",0.009548280326086955,10,200
246,[ 1  2  3  4  5  6  7  8  9 10 11 12 13 14 15 16],"{'max_depth': 5, 'n_estimators': 150}",0.009553974896077226,5,150
159,[ 1  2  3  4  5  6  7  8  9 10],"{'max_depth': 15, 'n_estimators': 200}",0.00956744293478261,15,200
151,[ 1  2  3  4  5  6  7  8  9 10],"{'max_depth': 5, 'n_estimators': 200}",0.009579743967852352,5,200
245,[ 1  2  3  4  5  6  7  8  9 10 11 12 13 14 15 16],"{'max_depth': 5, 'n_estimators': 100}",0.009596736582504156,5,100
89,[1 2 3 4 5 6],"{'max_depth': 10, 'n_estimators': 100}",0.009605780434782612,10,100
93,[1 2 3 4 5 6],"{'max_depth': 15, 'n_estimators': 100}",0.009605780434782612,15,100
158,[ 1  2  3  4  5  6  7  8  9 10],"{'max_depth': 15, 'n_estimators': 150}",0.009621189500805158,15,150
154,[ 1  2  3  4  5  6  7  8  9 10],"{'max_depth': 10, 'n_estimators': 150}",0.009621189500805158,10,150
149,[ 1  2  3  4  5  6  7  8  9 10],"{'max_depth': 5, 'n_estimators': 100}",0.009623534355688478,5,100
92,[1 2 3 4 5 6],"{'max_depth': 15, 'n_estimators': 50}",0.009632455652173907,15,50
88,[1 2 3 4 5 6],"{'max_depth': 10, 'n_estimators': 50}",0.009632455652173907,10,50
152,[ 1  2  3  4  5  6  7  8  9 10],"{'max_depth': 10, 'n_estimators': 50}",0.009634627246376808,10,50
156,[ 1  2  3  4  5  6  7  8  9 10],"{'max_depth': 15, 'n_estimators': 50}",0.009634627246376808,15,50
255,[ 1  2  3  4  5  6  7  8  9 10 11 12 13 14 15 16],"{'max_depth': 15, 'n_estimators': 200}",0.009649437862318843,15,200
251,[ 1  2  3  4  5  6  7  8  9 10 11 12 13 14 15 16],"{'max_depth': 10, 'n_estimators': 200}",0.009649778840579713,10,200
72,[1 2 3 4 5],"{'max_depth': 10, 'n_estimators': 50}",0.009659515362318837,10,50
76,[1 2 3 4 5],"{'max_depth': 15, 'n_estimators': 50}",0.009659515362318837,15,50
148,[ 1  2  3  4  5  6  7  8  9 10],"{'max_depth': 5, 'n_estimators': 50}",0.009686453062739325,5,50
78,[1 2 3 4 5],"{'max_depth': 15, 'n_estimators': 150}",0.00970760115942029,15,150
74,[1 2 3 4 5],"{'max_depth': 10, 'n_estimators': 150}",0.00970760115942029,10,150
197,[ 1  2  3  4  5  6  7  8  9 10 11 12 13],"{'max_depth': 5, 'n_estimators': 100}",0.009712354111133381,5,100
95,[1 2 3 4 5 6],"{'max_depth': 15, 'n_estimators': 200}",0.009714846304347814,15,200
91,[1 2 3 4 5 6],"{'max_depth': 10, 'n_estimators': 200}",0.009717916413043466,10,200
68,[1 2 3 4 5],"{'max_depth': 5, 'n_estimators': 50}",0.009742515682003565,5,50
153,[ 1  2  3  4  5  6  7  8  9 10],"{'max_depth': 10, 'n_estimators': 100}",0.009752519130434787,10,100
157,[ 1  2  3  4  5  6  7  8  9 10],"{'max_depth': 15, 'n_estimators': 100}",0.009752519130434787,15,100
174,[ 1  2  3  4  5  6  7  8  9 10 11],"{'max_depth': 15, 'n_estimators': 150}",0.009759563800322058,15,150
198,[ 1  2  3  4  5  6  7  8  9 10 11 12 13],"{'max_depth': 5, 'n_estimators': 150}",0.009763834566455605,5,150
170,[ 1  2  3  4  5  6  7  8  9 10 11],"{'max_depth': 10, 'n_estimators': 150}",0.009775505883413844,10,150
199,[ 1  2  3  4  5  6  7  8  9 10 11 12 13],"{'max_depth': 5, 'n_estimators': 200}",0.009786273470242001,5,200
70,[1 2 3 4 5],"{'max_depth': 5, 'n_estimators': 150}",0.00978780701609769,5,150
94,[1 2 3 4 5 6],"{'max_depth': 15, 'n_estimators': 150}",0.009788099130434777,15,150
20,[1 2],"{'max_depth': 5, 'n_estimators': 50}",0.009788263028673826,5,50
90,[1 2 3 4 5 6],"{'max_depth': 10, 'n_estimators': 150}",0.009792161545893713,10,150
196,[ 1  2  3  4  5  6  7  8  9 10 11 12 13],"{'max_depth': 5, 'n_estimators': 50}",0.009793508988734684,5,50
247,[ 1  2  3  4  5  6  7  8  9 10 11 12 13 14 15 16],"{'max_depth': 5, 'n_estimators': 200}",0.009795002450759992,5,200
166,[ 1  2  3  4  5  6  7  8  9 10 11],"{'max_depth': 5, 'n_estimators': 150}",0.009795050714613063,5,150
117,[1 2 3 4 5 6 7 8],"{'max_depth': 5, 'n_estimators': 100}",0.009796994684961377,5,100
22,[1 2],"{'max_depth': 5, 'n_estimators': 150}",0.009797271599532774,5,150
26,[1 2],"{'max_depth': 10, 'n_estimators': 150}",0.009803305249597426,10,150
30,[1 2],"{'max_depth': 15, 'n_estimators': 150}",0.009803305249597426,15,150
201,[ 1  2  3  4  5  6  7  8  9 10 11 12 13],"{'max_depth': 10, 'n_estimators': 100}",0.009806966956521742,10,100
205,[ 1  2  3  4  5  6  7  8  9 10 11 12 13],"{'max_depth': 15, 'n_estimators': 100}",0.009814129275362321,15,100
54,[1 2 3 4],"{'max_depth': 5, 'n_estimators': 150}",0.00983259070540519,5,150
119,[1 2 3 4 5 6 7 8],"{'max_depth': 5, 'n_estimators': 200}",0.0098338301583715,5,200
203,[ 1  2  3  4  5  6  7  8  9 10 11 12 13],"{'max_depth': 10, 'n_estimators': 200}",0.009834307355072463,10,200
207,[ 1  2  3  4  5  6  7  8  9 10 11 12 13],"{'max_depth': 15, 'n_estimators': 200}",0.009837900398550726,15,200
23,[1 2],"{'max_depth': 5, 'n_estimators': 200}",0.00984569700094553,5,200
31,[1 2],"{'max_depth': 15, 'n_estimators': 200}",0.0098462575,15,200
27,[1 2],"{'max_depth': 10, 'n_estimators': 200}",0.009846592246376814,10,200
202,[ 1  2  3  4  5  6  7  8  9 10 11 12 13],"{'max_depth': 10, 'n_estimators': 150}",0.009858236392914655,10,150
87,[1 2 3 4 5 6],"{'max_depth': 5, 'n_estimators': 200}",0.009861458022684509,5,200
165,[ 1  2  3  4  5  6  7  8  9 10 11],"{'max_depth': 5, 'n_estimators': 100}",0.00986320727379085,5,100
206,[ 1  2  3  4  5  6  7  8  9 10 11 12 13],"{'max_depth': 15, 'n_estimators': 150}",0.009863237230273754,15,150
118,[1 2 3 4 5 6 7 8],"{'max_depth': 5, 'n_estimators': 150}",0.009865899708317916,5,150
69,[1 2 3 4 5],"{'max_depth': 5, 'n_estimators': 100}",0.00987945112687568,5,100
105,[1 2 3 4 5 6 7],"{'max_depth': 10, 'n_estimators': 100}",0.009879846933333335,10,100
107,[1 2 3 4 5 6 7],"{'max_depth': 10, 'n_estimators': 200}",0.009885383755072457,10,200
266,[ 1  2  3  4  5  6  7  8  9 10 11 12 13 14 15 16 17],"{'max_depth': 10, 'n_estimators': 150}",0.009897121030595807,10,150
270,[ 1  2  3  4  5  6  7  8  9 10 11 12 13 14 15 16 17],"{'max_depth': 15, 'n_estimators': 150}",0.009897121030595807,15,150
111,[1 2 3 4 5 6 7],"{'max_depth': 15, 'n_estimators': 200}",0.00990038318840579,15,200
58,[1 2 3 4],"{'max_depth': 10, 'n_estimators': 150}",0.009900638647342993,10,150
62,[1 2 3 4],"{'max_depth': 15, 'n_estimators': 150}",0.009900638647342993,15,150
173,[ 1  2  3  4  5  6  7  8  9 10 11],"{'max_depth': 15, 'n_estimators': 100}",0.009901388260869563,15,100
169,[ 1  2  3  4  5  6  7  8  9 10 11],"{'max_depth': 10, 'n_estimators': 100}",0.009907887246376808,10,100
175,[ 1  2  3  4  5  6  7  8  9 10 11],"{'max_depth': 15, 'n_estimators': 200}",0.009909263913043469,15,200
116,[1 2 3 4 5 6 7 8],"{'max_depth': 5, 'n_estimators': 50}",0.009910174463431792,5,50
104,[1 2 3 4 5 6 7],"{'max_depth': 10, 'n_estimators': 50}",0.009912335072463767,10,50
108,[1 2 3 4 5 6 7],"{'max_depth': 15, 'n_estimators': 50}",0.009912335072463767,15,50
109,[1 2 3 4 5 6 7],"{'max_depth': 15, 'n_estimators': 100}",0.009912633188405797,15,100
15,[1],"{'max_depth': 15, 'n_estimators': 200}",0.009915206594202888,15,200
11,[1],"{'max_depth': 10, 'n_estimators': 200}",0.009915206594202888,10,200
264,[ 1  2  3  4  5  6  7  8  9 10 11 12 13 14 15 16 17],"{'max_depth': 10, 'n_estimators': 50}",0.009920172753623184,10,50
268,[ 1  2  3  4  5  6  7  8  9 10 11 12 13 14 15 16 17],"{'max_depth': 15, 'n_estimators': 50}",0.009920172753623184,15,50
171,[ 1  2  3  4  5  6  7  8  9 10 11],"{'max_depth': 10, 'n_estimators': 200}",0.009921304059420278,10,200
271,[ 1  2  3  4  5  6  7  8  9 10 11 12 13 14 15 16 17],"{'max_depth': 15, 'n_estimators': 200}",0.009922703731884048,15,200
267,[ 1  2  3  4  5  6  7  8  9 10 11 12 13 14 15 16 17],"{'max_depth': 10, 'n_estimators': 200}",0.009922703731884048,10,200
106,[1 2 3 4 5 6 7],"{'max_depth': 10, 'n_estimators': 150}",0.009929903062157807,10,150
77,[1 2 3 4 5],"{'max_depth': 15, 'n_estimators': 100}",0.009930644347826095,15,100
73,[1 2 3 4 5],"{'max_depth': 10, 'n_estimators': 100}",0.009930644347826095,10,100
172,[ 1  2  3  4  5  6  7  8  9 10 11],"{'max_depth': 15, 'n_estimators': 50}",0.009933729275362317,15,50
14,[1],"{'max_depth': 15, 'n_estimators': 150}",0.009933733590982288,15,150
10,[1],"{'max_depth': 10, 'n_estimators': 150}",0.009933733590982288,10,150
167,[ 1  2  3  4  5  6  7  8  9 10 11],"{'max_depth': 5, 'n_estimators': 200}",0.009944452988250188,5,200
168,[ 1  2  3  4  5  6  7  8  9 10 11],"{'max_depth': 10, 'n_estimators': 50}",0.009946309565217389,10,50
110,[1 2 3 4 5 6 7],"{'max_depth': 15, 'n_estimators': 150}",0.009950596521739128,15,150
265,[ 1  2  3  4  5  6  7  8  9 10 11 12 13 14 15 16 17],"{'max_depth': 10, 'n_estimators': 100}",0.009967980434782607,10,100
269,[ 1  2  3  4  5  6  7  8  9 10 11 12 13 14 15 16 17],"{'max_depth': 15, 'n_estimators': 100}",0.009967980434782607,15,100
13,[1],"{'max_depth': 15, 'n_estimators': 100}",0.009975209275362319,15,100
9,[1],"{'max_depth': 10, 'n_estimators': 100}",0.009975209275362319,10,100
101,[1 2 3 4 5 6 7],"{'max_depth': 5, 'n_estimators': 100}",0.009979025943380881,5,100
55,[1 2 3 4],"{'max_depth': 5, 'n_estimators': 200}",0.009982928575817797,5,200
4,[1],"{'max_depth': 5, 'n_estimators': 50}",0.009988280668324401,5,50
204,[ 1  2  3  4  5  6  7  8  9 10 11 12 13],"{'max_depth': 15, 'n_estimators': 50}",0.009992199420289853,15,50
200,[ 1  2  3  4  5  6  7  8  9 10 11 12 13],"{'max_depth': 10, 'n_estimators': 50}",0.009992199420289853,10,50
292,[ 1  2  3  4  5  6  7  8  9 10 11 12 13 14 15 16 17 18 19],"{'max_depth': 5, 'n_estimators': 50}",0.010003382826750899,5,50
103,[1 2 3 4 5 6 7],"{'max_depth': 5, 'n_estimators': 200}",0.010004693163916842,5,200
263,[ 1  2  3  4  5  6  7  8  9 10 11 12 13 14 15 16 17],"{'max_depth': 5, 'n_estimators': 200}",0.010007943534001806,5,200
186,[ 1  2  3  4  5  6  7  8  9 10 11 12],"{'max_depth': 10, 'n_estimators': 150}",0.01001172244766505,10,150
122,[1 2 3 4 5 6 7 8],"{'max_depth': 10, 'n_estimators': 150}",0.010012483993558769,10,150
126,[1 2 3 4 5 6 7 8],"{'max_depth': 15, 'n_estimators': 150}",0.010012483993558769,15,150
190,[ 1  2  3  4  5  6  7  8  9 10 11 12],"{'max_depth': 15, 'n_estimators': 150}",0.01001821475040257,15,150
39,[1 2 3],"{'max_depth': 5, 'n_estimators': 200}",0.010025635698720092,5,200
85,[1 2 3 4 5 6],"{'max_depth': 5, 'n_estimators': 100}",0.010026348756414998,5,100
37,[1 2 3],"{'max_depth': 5, 'n_estimators': 100}",0.010029112008330333,5,100
136,[1 2 3 4 5 6 7 8 9],"{'max_depth': 10, 'n_estimators': 50}",0.010032544927536228,10,50
140,[1 2 3 4 5 6 7 8 9],"{'max_depth': 15, 'n_estimators': 50}",0.010032544927536228,15,50
8,[1],"{'max_depth': 10, 'n_estimators': 50}",0.010033074202898546,10,50
12,[1],"{'max_depth': 15, 'n_estimators': 50}",0.010033074202898546,15,50
59,[1 2 3 4],"{'max_depth': 10, 'n_estimators': 200}",0.010034462065217374,10,200
63,[1 2 3 4],"{'max_depth': 15, 'n_estimators': 200}",0.010034462065217374,15,200
262,[ 1  2  3  4  5  6  7  8  9 10 11 12 13 14 15 16 17],"{'max_depth': 5, 'n_estimators': 150}",0.010043182190026905,5,150
182,[ 1  2  3  4  5  6  7  8  9 10 11 12],"{'max_depth': 5, 'n_estimators': 150}",0.010043230765627076,5,150
84,[1 2 3 4 5 6],"{'max_depth': 5, 'n_estimators': 50}",0.010051697838892903,5,50
127,[1 2 3 4 5 6 7 8],"{'max_depth': 15, 'n_estimators': 200}",0.010053298840579702,15,200
183,[ 1  2  3  4  5  6  7  8  9 10 11 12],"{'max_depth': 5, 'n_estimators': 200}",0.01005506202869138,5,200
123,[1 2 3 4 5 6 7 8],"{'max_depth': 10, 'n_estimators': 200}",0.010056606884057965,10,200
121,[1 2 3 4 5 6 7 8],"{'max_depth': 10, 'n_estimators': 100}",0.010058231449275366,10,100
125,[1 2 3 4 5 6 7 8],"{'max_depth': 15, 'n_estimators': 100}",0.010058231449275366,15,100
61,[1 2 3 4],"{'max_depth': 15, 'n_estimators': 100}",0.010069231304347828,15,100
57,[1 2 3 4],"{'max_depth': 10, 'n_estimators': 100}",0.010069231304347828,10,100
102,[1 2 3 4 5 6 7],"{'max_depth': 5, 'n_estimators': 150}",0.0100702042065535,5,150
132,[1 2 3 4 5 6 7 8 9],"{'max_depth': 5, 'n_estimators': 50}",0.010077368245415984,5,50
187,[ 1  2  3  4  5  6  7  8  9 10 11 12],"{'max_depth': 10, 'n_estimators': 200}",0.010077949492753624,10,200
38,[1 2 3],"{'max_depth': 5, 'n_estimators': 150}",0.010081443030008023,5,150
191,[ 1  2  3  4  5  6  7  8  9 10 11 12],"{'max_depth': 15, 'n_estimators': 200}",0.010082828007246379,15,200
164,[ 1  2  3  4  5  6  7  8  9 10 11],"{'max_depth': 5, 'n_estimators': 50}",0.010084627902612267,5,50
6,[1],"{'max_depth': 5, 'n_estimators': 150}",0.010085617461597326,5,150
86,[1 2 3 4 5 6],"{'max_depth': 5, 'n_estimators': 150}",0.010097798649659803,5,150
248,[ 1  2  3  4  5  6  7  8  9 10 11 12 13 14 15 16],"{'max_depth': 10, 'n_estimators': 50}",0.010107516521739128,10,50
252,[ 1  2  3  4  5  6  7  8  9 10 11 12 13 14 15 16],"{'max_depth': 15, 'n_estimators': 50}",0.010107516521739128,15,50
5,[1],"{'max_depth': 5, 'n_estimators': 100}",0.010119043585588993,5,100
7,[1],"{'max_depth': 5, 'n_estimators': 200}",0.010137392955310855,5,200
235,[ 1  2  3  4  5  6  7  8  9 10 11 12 13 14 15],"{'max_depth': 10, 'n_estimators': 200}",0.010141305871014486,10,200
239,[ 1  2  3  4  5  6  7  8  9 10 11 12 13 14 15],"{'max_depth': 15, 'n_estimators': 200}",0.010144415144927532,15,200
328,[ 1  2  3  4  5  6  7  8  9 10 11 12 13 14 15 16 17 18 19 20 21],"{'max_depth': 10, 'n_estimators': 50}",0.010156197101449271,10,50
332,[ 1  2  3  4  5  6  7  8  9 10 11 12 13 14 15 16 17 18 19 20 21],"{'max_depth': 15, 'n_estimators': 50}",0.010156197101449271,15,50
279,[ 1  2  3  4  5  6  7  8  9 10 11 12 13 14 15 16 17 18],"{'max_depth': 5, 'n_estimators': 200}",0.010156197102653,5,200
100,[1 2 3 4 5 6 7],"{'max_depth': 5, 'n_estimators': 50}",0.010157483947770217,5,50
28,[1 2],"{'max_depth': 15, 'n_estimators': 50}",0.010162739710144928,15,50
24,[1 2],"{'max_depth': 10, 'n_estimators': 50}",0.010162739710144928,10,50
143,[1 2 3 4 5 6 7 8 9],"{'max_depth': 15, 'n_estimators': 200}",0.010164299456521725,15,200
139,[1 2 3 4 5 6 7 8 9],"{'max_depth': 10, 'n_estimators': 200}",0.010164299456521725,10,200
234,[ 1  2  3  4  5  6  7  8  9 10 11 12 13 14 15],"{'max_depth': 10, 'n_estimators': 150}",0.010167275699838971,10,150
238,[ 1  2  3  4  5  6  7  8  9 10 11 12 13 14 15],"{'max_depth': 15, 'n_estimators': 150}",0.010171513945249601,15,150
300,[ 1  2  3  4  5  6  7  8  9 10 11 12 13 14 15 16 17 18 19],"{'max_depth': 15, 'n_estimators': 50}",0.010175113043478257,15,50
296,[ 1  2  3  4  5  6  7  8  9 10 11 12 13 14 15 16 17 18 19],"{'max_depth': 10, 'n_estimators': 50}",0.010175113043478257,10,50
135,[1 2 3 4 5 6 7 8 9],"{'max_depth': 5, 'n_estimators': 200}",0.010177595083605218,5,200
213,[ 1  2  3  4  5  6  7  8  9 10 11 12 13 14],"{'max_depth': 5, 'n_estimators': 100}",0.010178029576100568,5,100
261,[ 1  2  3  4  5  6  7  8  9 10 11 12 13 14 15 16 17],"{'max_depth': 5, 'n_estimators': 100}",0.01018505573402867,5,100
43,[1 2 3],"{'max_depth': 10, 'n_estimators': 200}",0.010221479347826083,10,200
47,[1 2 3],"{'max_depth': 15, 'n_estimators': 200}",0.010222504673913039,15,200
260,[ 1  2  3  4  5  6  7  8  9 10 11 12 13 14 15 16 17],"{'max_depth': 5, 'n_estimators': 50}",0.010223779004509452,5,50
219,[ 1  2  3  4  5  6  7  8  9 10 11 12 13 14],"{'max_depth': 10, 'n_estimators': 200}",0.010224926195652174,10,200
223,[ 1  2  3  4  5  6  7  8  9 10 11 12 13 14],"{'max_depth': 15, 'n_estimators': 200}",0.010224926195652174,15,200
278,[ 1  2  3  4  5  6  7  8  9 10 11 12 13 14 15 16 17 18],"{'max_depth': 5, 'n_estimators': 150}",0.010230258339358629,5,150
133,[1 2 3 4 5 6 7 8 9],"{'max_depth': 5, 'n_estimators': 100}",0.010235471949545046,5,100
212,[ 1  2  3  4  5  6  7  8  9 10 11 12 13 14],"{'max_depth': 5, 'n_estimators': 50}",0.010238720055313196,5,50
53,[1 2 3 4],"{'max_depth': 5, 'n_estimators': 100}",0.010239661617148703,5,100
56,[1 2 3 4],"{'max_depth': 10, 'n_estimators': 50}",0.0102516684057971,10,50
60,[1 2 3 4],"{'max_depth': 15, 'n_estimators': 50}",0.0102516684057971,15,50
280,[ 1  2  3  4  5  6  7  8  9 10 11 12 13 14 15 16 17 18],"{'max_depth': 10, 'n_estimators': 50}",0.01026117623188406,10,50
284,[ 1  2  3  4  5  6  7  8  9 10 11 12 13 14 15 16 17 18],"{'max_depth': 15, 'n_estimators': 50}",0.01026117623188406,15,50
138,[1 2 3 4 5 6 7 8 9],"{'max_depth': 10, 'n_estimators': 150}",0.010266673301127198,10,150
142,[1 2 3 4 5 6 7 8 9],"{'max_depth': 15, 'n_estimators': 150}",0.010266673301127198,15,150
221,[ 1  2  3  4  5  6  7  8  9 10 11 12 13 14],"{'max_depth': 15, 'n_estimators': 100}",0.01026752710144928,15,100
217,[ 1  2  3  4  5  6  7  8  9 10 11 12 13 14],"{'max_depth': 10, 'n_estimators': 100}",0.01026752710144928,10,100
46,[1 2 3],"{'max_depth': 15, 'n_estimators': 150}",0.010269686312399351,15,150
42,[1 2 3],"{'max_depth': 10, 'n_estimators': 150}",0.010269686312399351,10,150
218,[ 1  2  3  4  5  6  7  8  9 10 11 12 13 14],"{'max_depth': 10, 'n_estimators': 150}",0.010294143574879221,10,150
222,[ 1  2  3  4  5  6  7  8  9 10 11 12 13 14],"{'max_depth': 15, 'n_estimators': 150}",0.010294143574879221,15,150
192,[ 1  2  3  4  5  6  7  8  9 10 11 12 13],"{'max_depth': 3, 'n_estimators': 50}",0.010294274904391958,3,50
181,[ 1  2  3  4  5  6  7  8  9 10 11 12],"{'max_depth': 5, 'n_estimators': 100}",0.010301221648702003,5,100
215,[ 1  2  3  4  5  6  7  8  9 10 11 12 13 14],"{'max_depth': 5, 'n_estimators': 200}",0.01030157337397669,5,200
36,[1 2 3],"{'max_depth': 5, 'n_estimators': 50}",0.010304053983842638,5,50
231,[ 1  2  3  4  5  6  7  8  9 10 11 12 13 14 15],"{'max_depth': 5, 'n_estimators': 200}",0.010308525680054935,5,200
287,[ 1  2  3  4  5  6  7  8  9 10 11 12 13 14 15 16 17 18],"{'max_depth': 15, 'n_estimators': 200}",0.010310403731884046,15,200
283,[ 1  2  3  4  5  6  7  8  9 10 11 12 13 14 15 16 17 18],"{'max_depth': 10, 'n_estimators': 200}",0.010310403731884046,10,200
137,[1 2 3 4 5 6 7 8 9],"{'max_depth': 10, 'n_estimators': 100}",0.01031080362318841,10,100
141,[1 2 3 4 5 6 7 8 9],"{'max_depth': 15, 'n_estimators': 100}",0.01031080362318841,15,100
230,[ 1  2  3  4  5  6  7  8  9 10 11 12 13 14 15],"{'max_depth': 5, 'n_estimators': 150}",0.010317980288896342,5,150
295,[ 1  2  3  4  5  6  7  8  9 10 11 12 13 14 15 16 17 18 19],"{'max_depth': 5, 'n_estimators': 200}",0.010328453933793388,5,200
372,[ 1  2  3  4  5  6  7  8  9 10 11 12 13 14 15 16 17 18 19 20 21 22 23 24],"{'max_depth': 5, 'n_estimators': 50}",0.01033063871062484,5,50
134,[1 2 3 4 5 6 7 8 9],"{'max_depth': 5, 'n_estimators': 150}",0.010332330464706727,5,150
214,[ 1  2  3  4  5  6  7  8  9 10 11 12 13 14],"{'max_depth': 5, 'n_estimators': 150}",0.010334890206390569,5,150
277,[ 1  2  3  4  5  6  7  8  9 10 11 12 13 14 15 16 17 18],"{'max_depth': 5, 'n_estimators': 100}",0.010342134436234638,5,100
293,[ 1  2  3  4  5  6  7  8  9 10 11 12 13 14 15 16 17 18 19],"{'max_depth': 5, 'n_estimators': 100}",0.01034307388379782,5,100
52,[1 2 3 4],"{'max_depth': 5, 'n_estimators': 50}",0.010347737825619225,5,50
244,[ 1  2  3  4  5  6  7  8  9 10 11 12 13 14 15 16],"{'max_depth': 5, 'n_estimators': 50}",0.010356736518308023,5,50
373,[ 1  2  3  4  5  6  7  8  9 10 11 12 13 14 15 16 17 18 19 20 21 22 23 24],"{'max_depth': 5, 'n_estimators': 100}",0.01036599717343718,5,100
314,[ 1  2  3  4  5  6  7  8  9 10 11 12 13 14 15 16 17 18 19 20],"{'max_depth': 10, 'n_estimators': 150}",0.010366207793880837,10,150
318,[ 1  2  3  4  5  6  7  8  9 10 11 12 13 14 15 16 17 18 19 20],"{'max_depth': 15, 'n_estimators': 150}",0.010366207793880837,15,150
319,[ 1  2  3  4  5  6  7  8  9 10 11 12 13 14 15 16 17 18 19 20],"{'max_depth': 15, 'n_estimators': 200}",0.010390917318840584,15,200
315,[ 1  2  3  4  5  6  7  8  9 10 11 12 13 14 15 16 17 18 19 20],"{'max_depth': 10, 'n_estimators': 200}",0.010390917318840584,10,200
351,[ 1  2  3  4  5  6  7  8  9 10 11 12 13 14 15 16 17 18 19 20 21 22],"{'max_depth': 15, 'n_estimators': 200}",0.010394848768115948,15,200
347,[ 1  2  3  4  5  6  7  8  9 10 11 12 13 14 15 16 17 18 19 20 21 22],"{'max_depth': 10, 'n_estimators': 200}",0.010394848768115948,10,200
185,[ 1  2  3  4  5  6  7  8  9 10 11 12],"{'max_depth': 10, 'n_estimators': 100}",0.010396936811594204,10,100
303,[ 1  2  3  4  5  6  7  8  9 10 11 12 13 14 15 16 17 18 19],"{'max_depth': 15, 'n_estimators': 200}",0.010402141050724635,15,200
299,[ 1  2  3  4  5  6  7  8  9 10 11 12 13 14 15 16 17 18 19],"{'max_depth': 10, 'n_estimators': 200}",0.0104047684057971,10,200
189,[ 1  2  3  4  5  6  7  8  9 10 11 12],"{'max_depth': 15, 'n_estimators': 100}",0.01040592347826087,15,100
294,[ 1  2  3  4  5  6  7  8  9 10 11 12 13 14 15 16 17 18 19],"{'max_depth': 5, 'n_estimators': 150}",0.010407225328971152,5,150
241,[ 1  2  3  4  5  6  7  8  9 10 11 12 13 14 15 16],"{'max_depth': 3, 'n_estimators': 100}",0.010409107546724071,3,100
242,[ 1  2  3  4  5  6  7  8  9 10 11 12 13 14 15 16],"{'max_depth': 3, 'n_estimators': 150}",0.010417310329489,3,150
276,[ 1  2  3  4  5  6  7  8  9 10 11 12 13 14 15 16 17 18],"{'max_depth': 5, 'n_estimators': 50}",0.010419248933535033,5,50
282,[ 1  2  3  4  5  6  7  8  9 10 11 12 13 14 15 16 17 18],"{'max_depth': 10, 'n_estimators': 150}",0.010423867117552324,10,150
286,[ 1  2  3  4  5  6  7  8  9 10 11 12 13 14 15 16 17 18],"{'max_depth': 15, 'n_estimators': 150}",0.010423867117552324,15,150
281,[ 1  2  3  4  5  6  7  8  9 10 11 12 13 14 15 16 17 18],"{'max_depth': 10, 'n_estimators': 100}",0.010427640869565217,10,100
285,[ 1  2  3  4  5  6  7  8  9 10 11 12 13 14 15 16 17 18],"{'max_depth': 15, 'n_estimators': 100}",0.010427640869565217,15,100
334,[ 1  2  3  4  5  6  7  8  9 10 11 12 13 14 15 16 17 18 19 20 21],"{'max_depth': 15, 'n_estimators': 150}",0.010429761352656997,15,150
330,[ 1  2  3  4  5  6  7  8  9 10 11 12 13 14 15 16 17 18 19 20 21],"{'max_depth': 10, 'n_estimators': 150}",0.010429761352656997,10,150
329,[ 1  2  3  4  5  6  7  8  9 10 11 12 13 14 15 16 17 18 19 20 21],"{'max_depth': 10, 'n_estimators': 100}",0.010440653768115935,10,100
333,[ 1  2  3  4  5  6  7  8  9 10 11 12 13 14 15 16 17 18 19 20 21],"{'max_depth': 15, 'n_estimators': 100}",0.010440653768115935,15,100
41,[1 2 3],"{'max_depth': 10, 'n_estimators': 100}",0.010449044492753629,10,100
45,[1 2 3],"{'max_depth': 15, 'n_estimators': 100}",0.010449044492753629,15,100
350,[ 1  2  3  4  5  6  7  8  9 10 11 12 13 14 15 16 17 18 19 20 21 22],"{'max_depth': 15, 'n_estimators': 150}",0.010450663768115948,15,150
346,[ 1  2  3  4  5  6  7  8  9 10 11 12 13 14 15 16 17 18 19 20 21 22],"{'max_depth': 10, 'n_estimators': 150}",0.010450663768115948,10,150
377,[ 1  2  3  4  5  6  7  8  9 10 11 12 13 14 15 16 17 18 19 20 21 22 23 24],"{'max_depth': 10, 'n_estimators': 100}",0.010451769565217395,10,100
381,[ 1  2  3  4  5  6  7  8  9 10 11 12 13 14 15 16 17 18 19 20 21 22 23 24],"{'max_depth': 15, 'n_estimators': 100}",0.010451769565217395,15,100
237,[ 1  2  3  4  5  6  7  8  9 10 11 12 13 14 15],"{'max_depth': 15, 'n_estimators': 100}",0.010480193043478261,15,100
233,[ 1  2  3  4  5  6  7  8  9 10 11 12 13 14 15],"{'max_depth': 10, 'n_estimators': 100}",0.010480193043478261,10,100
380,[ 1  2  3  4  5  6  7  8  9 10 11 12 13 14 15 16 17 18 19 20 21 22 23 24],"{'max_depth': 15, 'n_estimators': 50}",0.01048290666666666,15,50
376,[ 1  2  3  4  5  6  7  8  9 10 11 12 13 14 15 16 17 18 19 20 21 22 23 24],"{'max_depth': 10, 'n_estimators': 50}",0.01048290666666666,10,50
313,[ 1  2  3  4  5  6  7  8  9 10 11 12 13 14 15 16 17 18 19 20],"{'max_depth': 10, 'n_estimators': 100}",0.010488652173913047,10,100
317,[ 1  2  3  4  5  6  7  8  9 10 11 12 13 14 15 16 17 18 19 20],"{'max_depth': 15, 'n_estimators': 100}",0.010488652173913047,15,100
193,[ 1  2  3  4  5  6  7  8  9 10 11 12 13],"{'max_depth': 3, 'n_estimators': 100}",0.010493951116511534,3,100
220,[ 1  2  3  4  5  6  7  8  9 10 11 12 13 14],"{'max_depth': 15, 'n_estimators': 50}",0.01049905913043478,15,50
216,[ 1  2  3  4  5  6  7  8  9 10 11 12 13 14],"{'max_depth': 10, 'n_estimators': 50}",0.01049905913043478,10,50
324,[ 1  2  3  4  5  6  7  8  9 10 11 12 13 14 15 16 17 18 19 20 21],"{'max_depth': 5, 'n_estimators': 50}",0.010506098555772609,5,50
298,[ 1  2  3  4  5  6  7  8  9 10 11 12 13 14 15 16 17 18 19],"{'max_depth': 10, 'n_estimators': 150}",0.01053984070853462,10,150
302,[ 1  2  3  4  5  6  7  8  9 10 11 12 13 14 15 16 17 18 19],"{'max_depth': 15, 'n_estimators': 150}",0.01053984070853462,15,150
301,[ 1  2  3  4  5  6  7  8  9 10 11 12 13 14 15 16 17 18 19],"{'max_depth': 15, 'n_estimators': 100}",0.010540732608695653,15,100
297,[ 1  2  3  4  5  6  7  8  9 10 11 12 13 14 15 16 17 18 19],"{'max_depth': 10, 'n_estimators': 100}",0.010540732608695653,10,100
17,[1 2],"{'max_depth': 3, 'n_estimators': 100}",0.010544389849913167,3,100
326,[ 1  2  3  4  5  6  7  8  9 10 11 12 13 14 15 16 17 18 19 20 21],"{'max_depth': 5, 'n_estimators': 150}",0.010559161876652763,5,150
194,[ 1  2  3  4  5  6  7  8  9 10 11 12 13],"{'max_depth': 3, 'n_estimators': 150}",0.010568991402114087,3,150
325,[ 1  2  3  4  5  6  7  8  9 10 11 12 13 14 15 16 17 18 19 20 21],"{'max_depth': 5, 'n_estimators': 100}",0.01059517040840948,5,100
348,[ 1  2  3  4  5  6  7  8  9 10 11 12 13 14 15 16 17 18 19 20 21 22],"{'max_depth': 15, 'n_estimators': 50}",0.010596918260869562,15,50
344,[ 1  2  3  4  5  6  7  8  9 10 11 12 13 14 15 16 17 18 19 20 21 22],"{'max_depth': 10, 'n_estimators': 50}",0.010596918260869562,10,50
120,[1 2 3 4 5 6 7 8],"{'max_depth': 10, 'n_estimators': 50}",0.010598326956521732,10,50
124,[1 2 3 4 5 6 7 8],"{'max_depth': 15, 'n_estimators': 50}",0.010598326956521732,15,50
331,[ 1  2  3  4  5  6  7  8  9 10 11 12 13 14 15 16 17 18 19 20 21],"{'max_depth': 10, 'n_estimators': 200}",0.010604548514492749,10,200
335,[ 1  2  3  4  5  6  7  8  9 10 11 12 13 14 15 16 17 18 19 20 21],"{'max_depth': 15, 'n_estimators': 200}",0.010604548514492749,15,200
240,[ 1  2  3  4  5  6  7  8  9 10 11 12 13 14 15 16],"{'max_depth': 3, 'n_estimators': 50}",0.010605431060284663,3,50
308,[ 1  2  3  4  5  6  7  8  9 10 11 12 13 14 15 16 17 18 19 20],"{'max_depth': 5, 'n_estimators': 50}",0.010605968976198202,5,50
311,[ 1  2  3  4  5  6  7  8  9 10 11 12 13 14 15 16 17 18 19 20],"{'max_depth': 5, 'n_estimators': 200}",0.010607305476776786,5,200
316,[ 1  2  3  4  5  6  7  8  9 10 11 12 13 14 15 16 17 18 19 20],"{'max_depth': 15, 'n_estimators': 50}",0.010610014492753618,15,50
312,[ 1  2  3  4  5  6  7  8  9 10 11 12 13 14 15 16 17 18 19 20],"{'max_depth': 10, 'n_estimators': 50}",0.010610014492753618,10,50
243,[ 1  2  3  4  5  6  7  8  9 10 11 12 13 14 15 16],"{'max_depth': 3, 'n_estimators': 200}",0.010615318234755056,3,200
195,[ 1  2  3  4  5  6  7  8  9 10 11 12 13],"{'max_depth': 3, 'n_estimators': 200}",0.010628597157640118,3,200
363,[ 1  2  3  4  5  6  7  8  9 10 11 12 13 14 15 16 17 18 19 20 21 22 23],"{'max_depth': 10, 'n_estimators': 200}",0.010661472681159419,10,200
367,[ 1  2  3  4  5  6  7  8  9 10 11 12 13 14 15 16 17 18 19 20 21 22 23],"{'max_depth': 15, 'n_estimators': 200}",0.010661472681159419,15,200
327,[ 1  2  3  4  5  6  7  8  9 10 11 12 13 14 15 16 17 18 19 20 21],"{'max_depth': 5, 'n_estimators': 200}",0.01068211111878271,5,200
374,[ 1  2  3  4  5  6  7  8  9 10 11 12 13 14 15 16 17 18 19 20 21 22 23 24],"{'max_depth': 5, 'n_estimators': 150}",0.010700043325515309,5,150
309,[ 1  2  3  4  5  6  7  8  9 10 11 12 13 14 15 16 17 18 19 20],"{'max_depth': 5, 'n_estimators': 100}",0.0107031092245988,5,100
343,[ 1  2  3  4  5  6  7  8  9 10 11 12 13 14 15 16 17 18 19 20 21 22],"{'max_depth': 5, 'n_estimators': 200}",0.010713267646329279,5,200
345,[ 1  2  3  4  5  6  7  8  9 10 11 12 13 14 15 16 17 18 19 20 21 22],"{'max_depth': 10, 'n_estimators': 100}",0.010725266521739135,10,100
349,[ 1  2  3  4  5  6  7  8  9 10 11 12 13 14 15 16 17 18 19 20 21 22],"{'max_depth': 15, 'n_estimators': 100}",0.010725266521739135,15,100
256,[ 1  2  3  4  5  6  7  8  9 10 11 12 13 14 15 16 17],"{'max_depth': 3, 'n_estimators': 50}",0.010749015607348615,3,50
162,[ 1  2  3  4  5  6  7  8  9 10 11],"{'max_depth': 3, 'n_estimators': 150}",0.010753843170873934,3,150
310,[ 1  2  3  4  5  6  7  8  9 10 11 12 13 14 15 16 17 18 19 20],"{'max_depth': 5, 'n_estimators': 150}",0.010764358423194108,5,150
359,[ 1  2  3  4  5  6  7  8  9 10 11 12 13 14 15 16 17 18 19 20 21 22 23],"{'max_depth': 5, 'n_estimators': 200}",0.010782681209842741,5,200
342,[ 1  2  3  4  5  6  7  8  9 10 11 12 13 14 15 16 17 18 19 20 21 22],"{'max_depth': 5, 'n_estimators': 150}",0.010798479779233447,5,150
229,[ 1  2  3  4  5  6  7  8  9 10 11 12 13 14 15],"{'max_depth': 5, 'n_estimators': 100}",0.010800321887330667,5,100
163,[ 1  2  3  4  5  6  7  8  9 10 11],"{'max_depth': 3, 'n_estimators': 200}",0.010819227802130744,3,200
375,[ 1  2  3  4  5  6  7  8  9 10 11 12 13 14 15 16 17 18 19 20 21 22 23 24],"{'max_depth': 5, 'n_estimators': 200}",0.010831233948687754,5,200
382,[ 1  2  3  4  5  6  7  8  9 10 11 12 13 14 15 16 17 18 19 20 21 22 23 24],"{'max_depth': 15, 'n_estimators': 150}",0.010847624991948468,15,150
378,[ 1  2  3  4  5  6  7  8  9 10 11 12 13 14 15 16 17 18 19 20 21 22 23 24],"{'max_depth': 10, 'n_estimators': 150}",0.010847624991948468,10,150
366,[ 1  2  3  4  5  6  7  8  9 10 11 12 13 14 15 16 17 18 19 20 21 22 23],"{'max_depth': 15, 'n_estimators': 150}",0.010855855974235098,15,150
362,[ 1  2  3  4  5  6  7  8  9 10 11 12 13 14 15 16 17 18 19 20 21 22 23],"{'max_depth': 10, 'n_estimators': 150}",0.010855855974235098,10,150
67,[1 2 3 4 5],"{'max_depth': 3, 'n_estimators': 200}",0.010867120370137942,3,200
358,[ 1  2  3  4  5  6  7  8  9 10 11 12 13 14 15 16 17 18 19 20 21 22 23],"{'max_depth': 5, 'n_estimators': 150}",0.010878210924111727,5,150
227,[ 1  2  3  4  5  6  7  8  9 10 11 12 13 14 15],"{'max_depth': 3, 'n_estimators': 200}",0.010901278140944628,3,200
226,[ 1  2  3  4  5  6  7  8  9 10 11 12 13 14 15],"{'max_depth': 3, 'n_estimators': 150}",0.010907935334928068,3,150
44,[1 2 3],"{'max_depth': 15, 'n_estimators': 50}",0.01092709043478261,15,50
40,[1 2 3],"{'max_depth': 10, 'n_estimators': 50}",0.01092709043478261,10,50
180,[ 1  2  3  4  5  6  7  8  9 10 11 12],"{'max_depth': 5, 'n_estimators': 50}",0.01093142382776352,5,50
83,[1 2 3 4 5 6],"{'max_depth': 3, 'n_estimators': 200}",0.010950234040753353,3,200
65,[1 2 3 4 5],"{'max_depth': 3, 'n_estimators': 100}",0.01095437492231263,3,100
66,[1 2 3 4 5],"{'max_depth': 3, 'n_estimators': 150}",0.010983503290030915,3,150
379,[ 1  2  3  4  5  6  7  8  9 10 11 12 13 14 15 16 17 18 19 20 21 22 23 24],"{'max_depth': 10, 'n_estimators': 200}",0.01099516217391304,10,200
383,[ 1  2  3  4  5  6  7  8  9 10 11 12 13 14 15 16 17 18 19 20 21 22 23 24],"{'max_depth': 15, 'n_estimators': 200}",0.01099516217391304,15,200
18,[1 2],"{'max_depth': 3, 'n_estimators': 150}",0.010998892481636784,3,150
161,[ 1  2  3  4  5  6  7  8  9 10 11],"{'max_depth': 3, 'n_estimators': 100}",0.01100122236984413,3,100
361,[ 1  2  3  4  5  6  7  8  9 10 11 12 13 14 15 16 17 18 19 20 21 22 23],"{'max_depth': 10, 'n_estimators': 100}",0.011006177971014492,10,100
365,[ 1  2  3  4  5  6  7  8  9 10 11 12 13 14 15 16 17 18 19 20 21 22 23],"{'max_depth': 15, 'n_estimators': 100}",0.011006177971014492,15,100
236,[ 1  2  3  4  5  6  7  8  9 10 11 12 13 14 15],"{'max_depth': 15, 'n_estimators': 50}",0.011024294492753616,15,50
232,[ 1  2  3  4  5  6  7  8  9 10 11 12 13 14 15],"{'max_depth': 10, 'n_estimators': 50}",0.011024294492753616,10,50
64,[1 2 3 4 5],"{'max_depth': 3, 'n_estimators': 50}",0.011028617504036886,3,50
188,[ 1  2  3  4  5  6  7  8  9 10 11 12],"{'max_depth': 15, 'n_estimators': 50}",0.011038828985507242,15,50
184,[ 1  2  3  4  5  6  7  8  9 10 11 12],"{'max_depth': 10, 'n_estimators': 50}",0.011038828985507242,10,50
146,[ 1  2  3  4  5  6  7  8  9 10],"{'max_depth': 3, 'n_estimators': 150}",0.011056434037893175,3,150
145,[ 1  2  3  4  5  6  7  8  9 10],"{'max_depth': 3, 'n_estimators': 100}",0.011059200709142703,3,100
81,[1 2 3 4 5 6],"{'max_depth': 3, 'n_estimators': 100}",0.011060969212193338,3,100
16,[1 2],"{'max_depth': 3, 'n_estimators': 50}",0.011063558302674859,3,50
19,[1 2],"{'max_depth': 3, 'n_estimators': 200}",0.011066919211900743,3,200
144,[ 1  2  3  4  5  6  7  8  9 10],"{'max_depth': 3, 'n_estimators': 50}",0.011068961366612147,3,50
33,[1 2 3],"{'max_depth': 3, 'n_estimators': 100}",0.011071804319317044,3,100
178,[ 1  2  3  4  5  6  7  8  9 10 11 12],"{'max_depth': 3, 'n_estimators': 150}",0.011091352943934745,3,150
320,[ 1  2  3  4  5  6  7  8  9 10 11 12 13 14 15 16 17 18 19 20 21],"{'max_depth': 3, 'n_estimators': 50}",0.011094709877145796,3,50
275,[ 1  2  3  4  5  6  7  8  9 10 11 12 13 14 15 16 17 18],"{'max_depth': 3, 'n_estimators': 200}",0.011097641665528332,3,200
115,[1 2 3 4 5 6 7 8],"{'max_depth': 3, 'n_estimators': 200}",0.011102050714329844,3,200
357,[ 1  2  3  4  5  6  7  8  9 10 11 12 13 14 15 16 17 18 19 20 21 22 23],"{'max_depth': 5, 'n_estimators': 100}",0.011112485479793141,5,100
209,[ 1  2  3  4  5  6  7  8  9 10 11 12 13 14],"{'max_depth': 3, 'n_estimators': 100}",0.011118131161080527,3,100
34,[1 2 3],"{'max_depth': 3, 'n_estimators': 150}",0.01112878634133634,3,150
147,[ 1  2  3  4  5  6  7  8  9 10],"{'max_depth': 3, 'n_estimators': 200}",0.011129991726152765,3,200
35,[1 2 3],"{'max_depth': 3, 'n_estimators': 200}",0.011131329265883139,3,200
259,[ 1  2  3  4  5  6  7  8  9 10 11 12 13 14 15 16 17],"{'max_depth': 3, 'n_estimators': 200}",0.011137956755783582,3,200
114,[1 2 3 4 5 6 7 8],"{'max_depth': 3, 'n_estimators': 150}",0.011146917511592684,3,150
82,[1 2 3 4 5 6],"{'max_depth': 3, 'n_estimators': 150}",0.011160706970737223,3,150
179,[ 1  2  3  4  5  6  7  8  9 10 11 12],"{'max_depth': 3, 'n_estimators': 200}",0.0111720807099689,3,200
1,[1],"{'max_depth': 3, 'n_estimators': 100}",0.011180352536200706,3,100
211,[ 1  2  3  4  5  6  7  8  9 10 11 12 13 14],"{'max_depth': 3, 'n_estimators': 200}",0.011180555864669985,3,200
288,[ 1  2  3  4  5  6  7  8  9 10 11 12 13 14 15 16 17 18 19],"{'max_depth': 3, 'n_estimators': 50}",0.011187593999234113,3,50
272,[ 1  2  3  4  5  6  7  8  9 10 11 12 13 14 15 16 17 18],"{'max_depth': 3, 'n_estimators': 50}",0.011197289174588516,3,50
274,[ 1  2  3  4  5  6  7  8  9 10 11 12 13 14 15 16 17 18],"{'max_depth': 3, 'n_estimators': 150}",0.01120827730121471,3,150
291,[ 1  2  3  4  5  6  7  8  9 10 11 12 13 14 15 16 17 18 19],"{'max_depth': 3, 'n_estimators': 200}",0.0112105648317028,3,200
340,[ 1  2  3  4  5  6  7  8  9 10 11 12 13 14 15 16 17 18 19 20 21 22],"{'max_depth': 5, 'n_estimators': 50}",0.011213447905936856,5,50
258,[ 1  2  3  4  5  6  7  8  9 10 11 12 13 14 15 16 17],"{'max_depth': 3, 'n_estimators': 150}",0.011216793297133392,3,150
210,[ 1  2  3  4  5  6  7  8  9 10 11 12 13 14],"{'max_depth': 3, 'n_estimators': 150}",0.01121955654051167,3,150
341,[ 1  2  3  4  5  6  7  8  9 10 11 12 13 14 15 16 17 18 19 20 21 22],"{'max_depth': 5, 'n_estimators': 100}",0.011227978178513712,5,100
96,[1 2 3 4 5 6 7],"{'max_depth': 3, 'n_estimators': 50}",0.011244869196647819,3,50
257,[ 1  2  3  4  5  6  7  8  9 10 11 12 13 14 15 16 17],"{'max_depth': 3, 'n_estimators': 100}",0.011248027360293069,3,100
273,[ 1  2  3  4  5  6  7  8  9 10 11 12 13 14 15 16 17 18],"{'max_depth': 3, 'n_estimators': 100}",0.011248954538906557,3,100
129,[1 2 3 4 5 6 7 8 9],"{'max_depth': 3, 'n_estimators': 100}",0.0112592426371247,3,100
289,[ 1  2  3  4  5  6  7  8  9 10 11 12 13 14 15 16 17 18 19],"{'max_depth': 3, 'n_estimators': 100}",0.011271524701231805,3,100
322,[ 1  2  3  4  5  6  7  8  9 10 11 12 13 14 15 16 17 18 19 20 21],"{'max_depth': 3, 'n_estimators': 150}",0.01127392986403673,3,150
356,[ 1  2  3  4  5  6  7  8  9 10 11 12 13 14 15 16 17 18 19 20 21 22 23],"{'max_depth': 5, 'n_estimators': 50}",0.011275904010050339,5,50
177,[ 1  2  3  4  5  6  7  8  9 10 11 12],"{'max_depth': 3, 'n_estimators': 100}",0.011276289081562267,3,100
3,[1],"{'max_depth': 3, 'n_estimators': 200}",0.011277186231392957,3,200
131,[1 2 3 4 5 6 7 8 9],"{'max_depth': 3, 'n_estimators': 200}",0.011278483365616373,3,200
360,[ 1  2  3  4  5  6  7  8  9 10 11 12 13 14 15 16 17 18 19 20 21 22 23],"{'max_depth': 10, 'n_estimators': 50}",0.011281675362318834,10,50
364,[ 1  2  3  4  5  6  7  8  9 10 11 12 13 14 15 16 17 18 19 20 21 22 23],"{'max_depth': 15, 'n_estimators': 50}",0.011281675362318834,15,50
225,[ 1  2  3  4  5  6  7  8  9 10 11 12 13 14 15],"{'max_depth': 3, 'n_estimators': 100}",0.011282192348950806,3,100
2,[1],"{'max_depth': 3, 'n_estimators': 150}",0.011286996144887054,3,150
290,[ 1  2  3  4  5  6  7  8  9 10 11 12 13 14 15 16 17 18 19],"{'max_depth': 3, 'n_estimators': 150}",0.01130482960616845,3,150
160,[ 1  2  3  4  5  6  7  8  9 10 11],"{'max_depth': 3, 'n_estimators': 50}",0.011306020185049913,3,50
305,[ 1  2  3  4  5  6  7  8  9 10 11 12 13 14 15 16 17 18 19 20],"{'max_depth': 3, 'n_estimators': 100}",0.011308284959889775,3,100
99,[1 2 3 4 5 6 7],"{'max_depth': 3, 'n_estimators': 200}",0.011323598843626449,3,200
97,[1 2 3 4 5 6 7],"{'max_depth': 3, 'n_estimators': 100}",0.011338833413082158,3,100
50,[1 2 3 4],"{'max_depth': 3, 'n_estimators': 150}",0.011347103493926265,3,150
112,[1 2 3 4 5 6 7 8],"{'max_depth': 3, 'n_estimators': 50}",0.01136282151264103,3,50
130,[1 2 3 4 5 6 7 8 9],"{'max_depth': 3, 'n_estimators': 150}",0.011370233661014924,3,150
51,[1 2 3 4],"{'max_depth': 3, 'n_estimators': 200}",0.01137789098461482,3,200
306,[ 1  2  3  4  5  6  7  8  9 10 11 12 13 14 15 16 17 18 19 20],"{'max_depth': 3, 'n_estimators': 150}",0.011403240482308074,3,150
228,[ 1  2  3  4  5  6  7  8  9 10 11 12 13 14 15],"{'max_depth': 5, 'n_estimators': 50}",0.01140447664975238,5,50
307,[ 1  2  3  4  5  6  7  8  9 10 11 12 13 14 15 16 17 18 19 20],"{'max_depth': 3, 'n_estimators': 200}",0.0114297356706624,3,200
323,[ 1  2  3  4  5  6  7  8  9 10 11 12 13 14 15 16 17 18 19 20 21],"{'max_depth': 3, 'n_estimators': 200}",0.011450004994295725,3,200
355,[ 1  2  3  4  5  6  7  8  9 10 11 12 13 14 15 16 17 18 19 20 21 22 23],"{'max_depth': 3, 'n_estimators': 200}",0.011463559956271544,3,200
80,[1 2 3 4 5 6],"{'max_depth': 3, 'n_estimators': 50}",0.011464478832587534,3,50
98,[1 2 3 4 5 6 7],"{'max_depth': 3, 'n_estimators': 150}",0.011499595119662016,3,150
113,[1 2 3 4 5 6 7 8],"{'max_depth': 3, 'n_estimators': 100}",0.011516502730630901,3,100
321,[ 1  2  3  4  5  6  7  8  9 10 11 12 13 14 15 16 17 18 19 20 21],"{'max_depth': 3, 'n_estimators': 100}",0.011526982741537802,3,100
339,[ 1  2  3  4  5  6  7  8  9 10 11 12 13 14 15 16 17 18 19 20 21 22],"{'max_depth': 3, 'n_estimators': 200}",0.01154980686218673,3,200
0,[1],"{'max_depth': 3, 'n_estimators': 50}",0.011595811988869557,3,50
354,[ 1  2  3  4  5  6  7  8  9 10 11 12 13 14 15 16 17 18 19 20 21 22 23],"{'max_depth': 3, 'n_estimators': 150}",0.011602597458771425,3,150
338,[ 1  2  3  4  5  6  7  8  9 10 11 12 13 14 15 16 17 18 19 20 21 22],"{'max_depth': 3, 'n_estimators': 150}",0.011651173997672456,3,150
304,[ 1  2  3  4  5  6  7  8  9 10 11 12 13 14 15 16 17 18 19 20],"{'max_depth': 3, 'n_estimators': 50}",0.011658507121278815,3,50
128,[1 2 3 4 5 6 7 8 9],"{'max_depth': 3, 'n_estimators': 50}",0.011744430029143145,3,50
48,[1 2 3 4],"{'max_depth': 3, 'n_estimators': 50}",0.01174693595254673,3,50
49,[1 2 3 4],"{'max_depth': 3, 'n_estimators': 100}",0.01175164388161267,3,100
32,[1 2 3],"{'max_depth': 3, 'n_estimators': 50}",0.01175862147182772,3,50
369,[ 1  2  3  4  5  6  7  8  9 10 11 12 13 14 15 16 17 18 19 20 21 22 23 24],"{'max_depth': 3, 'n_estimators': 100}",0.011787375968607636,3,100
353,[ 1  2  3  4  5  6  7  8  9 10 11 12 13 14 15 16 17 18 19 20 21 22 23],"{'max_depth': 3, 'n_estimators': 100}",0.011844673869887445,3,100
208,[ 1  2  3  4  5  6  7  8  9 10 11 12 13 14],"{'max_depth': 3, 'n_estimators': 50}",0.011847457782278104,3,50
337,[ 1  2  3  4  5  6  7  8  9 10 11 12 13 14 15 16 17 18 19 20 21 22],"{'max_depth': 3, 'n_estimators': 100}",0.011904325478129134,3,100
368,[ 1  2  3  4  5  6  7  8  9 10 11 12 13 14 15 16 17 18 19 20 21 22 23 24],"{'max_depth': 3, 'n_estimators': 50}",0.011978810239269107,3,50
224,[ 1  2  3  4  5  6  7  8  9 10 11 12 13 14 15],"{'max_depth': 3, 'n_estimators': 50}",0.011997174524979079,3,50
336,[ 1  2  3  4  5  6  7  8  9 10 11 12 13 14 15 16 17 18 19 20 21 22],"{'max_depth': 3, 'n_estimators': 50}",0.012012815975331688,3,50
352,[ 1  2  3  4  5  6  7  8  9 10 11 12 13 14 15 16 17 18 19 20 21 22 23],"{'max_depth': 3, 'n_estimators': 50}",0.012031658207018394,3,50
370,[ 1  2  3  4  5  6  7  8  9 10 11 12 13 14 15 16 17 18 19 20 21 22 23 24],"{'max_depth': 3, 'n_estimators': 150}",0.012048598587667457,3,150
371,[ 1  2  3  4  5  6  7  8  9 10 11 12 13 14 15 16 17 18 19 20 21 22 23 24],"{'max_depth': 3, 'n_estimators': 200}",0.012125568693500899,3,200
176,[ 1  2  3  4  5  6  7  8  9 10 11 12],"{'max_depth': 3, 'n_estimators': 50}",0.012165684520396939,3,50
